ProductCode,web,ordernum
2.02503E+16,https://lululemonue.shop,132022-204612 
2.02503E+16,https://lululemonue.shop,132022-205466 
2.02503E+16,https://lululemonue.shop,132022-205476 
2.02503E+16,https://lululemonue.shop,132022-205511 
2.02503E+16,https://lululemonue.shop,132022-205525 
2.02503E+16,https://hokaonlineltd.com,2.02503E+15
2.02503E+16,https://chiefsuer.shop,132021-196233 
2.02503E+16,https://lululemonue.shop,132022-205568 
2.02503E+16,https://lululemonue.shop,132022-205624 
2.02503E+16,https://hokaonlineltd.com,2.02503E+15
2.02503E+16,https://chiefsuer.shop,132021-196584 
2.02503E+16,https://hokaonlineltd.com,2.02503E+15
2.02503E+16,https://lululemonue.shop,132022-206115 
2.02503E+16,https://lululemonue.shop,132022-206134 
2.02503E+16,https://lululemonue.shop,132022-206161 
2.02503E+16,https://chiefsuer.shop,132021-197724 
2.02503E+16,https://lululemonue.shop,132022-206169 
2.02503E+16,https://lululemonue.shop,132022-206198 
2.02503E+16,https://lululemonue.shop,132022-206219 
2.02503E+16,https://lululemonue.shop,132022-206227 
2.02503E+16,https://lululemonue.shop,132022-206236 
2.02503E+16,https://lululemonue.shop,132022-206252 
2.02503E+16,https://lululemonue.shop,132022-206386 
2.02503E+16,https://lululemonue.shop,132022-206506 
2.02503E+16,https://hokaonlineltd.com,2.02503E+15
2.02503E+16,https://hokaonlineltd.com,2.02503E+15
2.02503E+16,https://hokaonlineltd.com,2.02503E+15
2.02503E+16,https://lululemonue.shop,132022-206680 
2.02503E+16,https://lululemonue.shop,132022-206693 
2.02503E+16,https://hokaonlineltd.com,2.02503E+15
2.02503E+16,https://lululemonue.shop,132022-206739 
2.02503E+16,https://hokaonlineltd.com,2.02503E+15
2.02503E+16,https://hokaonlineltd.com,2.02503E+15
2.02503E+16,https://lululemonue.shop,132022-206861 
2.02503E+16,https://lululemontop.shop,132149-179273 
2.02503E+16,https://lululemontop.shop,132149-179282 
2.02503E+16,https://lululemontop.shop,132149-179517 
2.02503E+16,https://lululemonue.shop,132022-207071 
2.02503E+16,https://lululemontop.shop,132149-179618 
2.02503E+16,https://lululemontop.shop,132149-179606 
2.02503E+16,https://lululemonue.shop,132022-207397 
2.02503E+16,https://watchsmakert.com,129441-199446 
2.02503E+16,https://lululemonue.shop,132022-207538 
2.02503E+16,https://lululemonue.shop,132022-207569 
2.02503E+16,https://lululemonue.shop,132022-207606 
2.02503E+16,https://lululemonue.shop,132022-207609 
2.02503E+16,https://lululemonue.shop,132022-207613 
2.02503E+16,https://lululemonue.shop,132022-207768 
2.02503E+16,https://lululemonue.shop,132022-207801 
2.02503E+16,https://lululemonue.shop,132022-207807 
2.02503E+16,https://chiefsuer.shop,132021-200104 
2.02503E+16,https://wp.shoeshge.shop,2.02503E+15
2.02503E+16,https://storeoutleteu.shop,128204-158644 
2.02503E+16,https://storeoutleteu.shop,128204-158699 
2.02503E+16,https://storeoutleteu.shop,128204-158719 
2.02503E+16,https://storeoutleteu.shop,128204-158734 
2.02503E+16,https://storeoutleteu.shop,128204-158794 
2.02503E+16,https://storeoutleteu.shop,128204-158813 
2.02503E+16,https://storeoutleteu.shop,128204-158830 
